nomor_pendaftaran,kode_portofolio
426023770,Pendidikan Jasmani dan Olahraga
426122730,Pendidikan Jasmani dan Olahraga
426265999,Pendidikan Jasmani dan Olahraga
426337383,Pendidikan Jasmani dan Olahraga
426339065,Pendidikan Jasmani dan Olahraga
426352292,Pendidikan Jasmani dan Olahraga
426449491,Pendidikan Jasmani dan Olahraga
426457824,Pendidikan Jasmani dan Olahraga
426487101,Pendidikan Jasmani dan Olahraga
426528453,Pendidikan Jasmani dan Olahraga
426611287,Pendidikan Jasmani dan Olahraga
426682619,Pendidikan Jasmani dan Olahraga
426741910,Pendidikan Jasmani dan Olahraga
