npsn,nama_sekolah,jenis_sekolah,kode_kabupaten,nama_kabupaten,kode_provinsi,nama_provinsi,akreditasi_sekolah,tanggal_mulai_akreditasi,tanggal_kadaluarsa,nilai_akreditasi,kepemilikan,sumber_data_nilai
10100113,SMK NEGERI 1 KOTA JANTHO,SMK,060100,Kab. Aceh Besar,060000,Prov. Aceh,A,30-11-2022,31-12-2027,93,Pemerintah Daerah,Isi Manual
10100186,SMA NEGERI 1 KRUENG BARONA JAYA,SMA,060100,Kab. Aceh Besar,060000,Prov. Aceh,A,11-04-2025,31-12-2029,0,Pemerintah Daerah,Isi Manual
10100191,SMA Negeri 1 Lhoong,SMA,060100,Kab. Aceh Besar,060000,Prov. Aceh,B,22-07-2024,31-12-2029,0,Pemerintah Daerah,Isi Manual
10100195,SMA NEGERI 1 INGIN JAYA,SMA,060100,Kab. Aceh Besar,060000,Prov. Aceh,A,06-01-2025,06-01-2030,0,Pemerintah Daerah,Isi Manual
10100196,SMA NEGERI 1 INDRAPURI,SMA,060100,Kab. Aceh Besar,060000,Prov. Aceh,A,30-11-2022,18-11-2027,92,Pemerintah Daerah,Isi Manual
10100540,SMA NEGERI 1 SAKTI,SMA,060200,Kab. Pidie,060000,Prov. Aceh,B,22-07-2024,31-12-2029,0,Pemerintah Daerah,Isi Manual
10100559,SMA NEGERI 1 MUTIARA,SMA,060200,Kab. Pidie,060000,Prov. Aceh,A,22-07-2024,31-12-2029,0,Pemerintah Daerah,Isi Manual
10100564,SMAN 1 TANGSE,SMA,060200,Kab. Pidie,060000,Prov. Aceh,A,08-12-2021,31-12-2021,0,Pemerintah Pusat,Isi Manual
10100570,SMA NEGERI 1 BANDAR DUA,SMA,062000,Kab. Pidie Jaya,060000,Prov. Aceh,B,30-09-2022,18-11-2027,82,Pemerintah Daerah,Isi Manual
10100571,SMAN 1 GEUMPANG,SMA,060200,Kab. Pidie,060000,Prov. Aceh,A,08-12-2021,31-12-2021,0,Pemerintah Daerah,Isi Manual
10100572,SMA NEGERI 1 GLUMPANG TIGA,SMA,060200,Kab. Pidie,060000,Prov. Aceh,A,08-12-2021,31-12-2021,93,Pemerintah Daerah,Isi Manual
10100573,SMAN 1 INDRAJAYA,SMA,060200,Kab. Pidie,060000,Prov. Aceh,A,08-12-2021,31-12-2021,91,Pemerintah Daerah,Isi Manual
10100575,SMA NEGERI 1 MEUREUDU,SMA,062000,Kab. Pidie Jaya,060000,Prov. Aceh,A,20-10-2022,20-10-2027,92,Pemerintah Daerah,Isi Manual
10101182,SMA NEGERI 1 MEURAH MULIA,SMA,060300,Kab. Aceh Utara,060000,Prov. Aceh,B,08-12-2021,31-12-2021,85,Pemerintah Daerah,Isi Manual
10101306,SMA NEGERI 1 SEUNUDDON,SMA,060300,Kab. Aceh Utara,060000,Prov. Aceh,A,08-12-2021,31-12-2021,91,Pemerintah Pusat,Isi Manual
10101872,SMA NEGERI 1 SIMPANG ULIM,SMA,060400,Kab. Aceh Timur,060000,Prov. Aceh,A,06-01-2025,06-01-2030,0,Pemerintah Daerah,Isi Manual
10101881,SMA NEGERI 1 PEUREULAK,SMA,060400,Kab. Aceh Timur,060000,Prov. Aceh,A,30-11-2022,18-11-2027,93,Pemerintah Daerah,Isi Manual
10102181,SMA NEGERI 4 TAKENGON,SMA,060500,Kab. Aceh Tengah,060000,Prov. Aceh,A,30-11-2022,18-11-2027,94,Pemerintah Daerah,Isi Manual
10102261,SMA NEGERI 5 TAKENGON,SMA,060500,Kab. Aceh Tengah,060000,Prov. Aceh,A,30-11-2022,18-11-2027,92,Pemerintah Daerah,Isi Manual
10102283,SMA NEGERI 8 TAKENGON UNGGUL,SMA,060500,Kab. Aceh Tengah,060000,Prov. Aceh,A,26-09-2023,26-09-2028,94,Pemerintah Daerah,Isi Manual
10102499,SMK NEGERI 2 WOYLA,SMK,060600,Kab. Aceh Barat,060000,Prov. Aceh,C,12-12-2023,01-01-1900,79,Pemerintah Daerah,Isi Manual
10102502,SMA NEGERI 1 KAWAY XVI,SMA,060600,Kab. Aceh Barat,060000,Prov. Aceh,B,06-01-2025,06-01-2030,0,Pemerintah Pusat,Isi Manual
10102505,SMA NEGERI 1 MEULABOH,SMA,060600,Kab. Aceh Barat,060000,Prov. Aceh,A,30-11-2022,18-11-2027,96,Pemerintah Daerah,Isi Manual
10102506,SMA NEGERI 1 SAMATIGA,SMA,060600,Kab. Aceh Barat,060000,Prov. Aceh,C,20-10-2022,20-10-2027,78,Pemerintah Daerah,Isi Manual
10102509,SMA NEGERI 1 WOYLA,SMA,060600,Kab. Aceh Barat,060000,Prov. Aceh,B,11-04-2025,31-12-2029,0,Pemerintah Daerah,Isi Manual
10102514,SMA NEGERI 1 SUNGAI MAS,SMA,060600,Kab. Aceh Barat,060000,Prov. Aceh,B,22-07-2024,31-12-2029,0,Pemerintah Daerah,Isi Manual
10102516,SMA SWASTA ISLAM SERAMBI MEUKAH,SMA,060600,Kab. Aceh Barat,060000,Prov. Aceh,C,08-12-2021,31-12-2021,0,Yayasan,Isi Manual
10102529,SMA NEGERI 3 MEULABOH,SMA,060600,Kab. Aceh Barat,060000,Prov. Aceh,A,30-11-2022,18-11-2027,92,Pemerintah Daerah,Isi Manual
10102571,SMK NEGERI 1 MEULABOH,SMK,060600,Kab. Aceh Barat,060000,Prov. Aceh,A,30-09-2022,16-01-2027,92,Pemerintah Daerah,Isi Manual
10102722,SMA NEGERI 1 LABUHAN HAJI,SMA,060700,Kab. Aceh Selatan,060000,Prov. Aceh,A,22-07-2024,31-12-2029,0,Pemerintah Daerah,Isi Manual
10102726,SMA NEGERI 1 TRUMON TIMUR,SMA,060700,Kab. Aceh Selatan,060000,Prov. Aceh,B,22-07-2024,31-12-2029,0,Pemerintah Daerah,Isi Manual
10102727,SMA NEGERI 2 KLUET UTARA,SMA,060700,Kab. Aceh Selatan,060000,Prov. Aceh,B,22-07-2024,31-12-2029,0,Pemerintah Daerah,Isi Manual
10102728,SMAN 1 KLUET TENGAH,SMA,060700,Kab. Aceh Selatan,060000,Prov. Aceh,B,22-07-2024,31-12-2029,0,Pemerintah Daerah,Isi Manual
10102729,SMA NEGERI 1 TAPAKTUAN,SMA,060700,Kab. Aceh Selatan,060000,Prov. Aceh,A,22-07-2024,31-12-2029,0,Pemerintah Daerah,Isi Manual
10102730,SMAN 1 TRUMON,SMA,060700,Kab. Aceh Selatan,060000,Prov. Aceh,A,08-12-2021,31-12-2021,94,Pemerintah Daerah,Isi Manual
10102731,SMAN 1 KLUET TIMUR,SMA,060700,Kab. Aceh Selatan,060000,Prov. Aceh,B,08-12-2021,31-12-2021,83,Pemerintah Pusat,Isi Manual
10102732,SMA NEGERI 1 KLUET UTARA,SMA,060700,Kab. Aceh Selatan,060000,Prov. Aceh,A,20-10-2022,20-10-2027,93,Pemerintah Daerah,Isi Manual
10102740,SMAN 1 LABUHAN HAJI BARAT,SMA,060700,Kab. Aceh Selatan,060000,Prov. Aceh,A,06-01-2025,06-01-2030,0,Pemerintah Daerah,Isi Manual
10102742,SMKN MEUKEK,SMK,060700,Kab. Aceh Selatan,060000,Prov. Aceh,B,30-11-2022,31-12-2027,88,Pemerintah Daerah,Isi Manual
10102743,SMK NEGERI 1 TRUMON TIMUR,SMK,060700,Kab. Aceh Selatan,060000,Prov. Aceh,B,30-11-2022,31-12-2027,89,Pemerintah Daerah,Isi Manual
10102744,SMA NEGERI UNGGUL TAPAKTUAN,SMA,060700,Kab. Aceh Selatan,060000,Prov. Aceh,A,22-07-2024,31-12-2029,0,Pemerintah Daerah,Isi Manual
10102770,SMAN 1 MEUKEK,SMA,060700,Kab. Aceh Selatan,060000,Prov. Aceh,B,11-04-2025,31-12-2029,0,Pemerintah Daerah,Isi Manual
10102771,SMA NEGERI 1 SAMADUA,SMA,060700,Kab. Aceh Selatan,060000,Prov. Aceh,B,22-07-2024,31-12-2029,0,Pemerintah Pusat,Isi Manual
10102772,SMK NEGERI 1 PASIE RAJA,SMK,060700,Kab. Aceh Selatan,060000,Prov. Aceh,B,30-11-2022,31-12-2027,87,Pemerintah Daerah,Isi Manual
10102773,SMK NEGERI 1 TAPAKTUAN,SMK,060700,Kab. Aceh Selatan,060000,Prov. Aceh,A,30-11-2022,31-12-2027,92,Pemerintah Daerah,Isi Manual
10102774,SMKN 1 LABUHANHAJI,SMK,060700,Kab. Aceh Selatan,060000,Prov. Aceh,B,23-10-2023,23-10-2028,87,Pemerintah Daerah,Isi Manual
10102775,SMK NEGERI 1 SAMADUA,SMK,060700,Kab. Aceh Selatan,060000,Prov. Aceh,B,30-11-2022,31-12-2027,83,Pemerintah Daerah,Isi Manual
10102783,SMKN 1 KLUET SELATAN,SMK,060700,Kab. Aceh Selatan,060000,Prov. Aceh,B,08-12-2021,31-12-2021,84,Pemerintah Daerah,Isi Manual
10102784,SMK NEGERI 1 SAWANG,SMK,060700,Kab. Aceh Selatan,060000,Prov. Aceh,B,08-12-2021,31-12-2021,0,Pemerintah Daerah,Isi Manual
10102785,SMAN 1 SAWANG,SMA,060700,Kab. Aceh Selatan,060000,Prov. Aceh,A,06-01-2025,06-01-2030,0,Pemerintah Daerah,Isi Manual
10102787,SMAN 1 KLUET SELATAN,SMA,060700,Kab. Aceh Selatan,060000,Prov. Aceh,A,08-12-2021,31-12-2021,91,Pemerintah Pusat,Isi Manual
10102788,SMAN 1 PASIE RAJA,SMA,060700,Kab. Aceh Selatan,060000,Prov. Aceh,A,08-12-2021,31-12-2021,91,Pemerintah Daerah,Isi Manual
10102790,SMAN 1 LABUHAN HAJI TIMUR,SMA,060700,Kab. Aceh Selatan,060000,Prov. Aceh,B,08-12-2021,31-12-2021,84,Pemerintah Daerah,Isi Manual
10102793,SMA NEGERI 2 TAPAKTUAN,SMA,060700,Kab. Aceh Selatan,060000,Prov. Aceh,A,22-07-2024,31-12-2029,0,Pemerintah Daerah,Isi Manual
10102794,SMA NEGERI 1 BAKONGAN,SMA,060700,Kab. Aceh Selatan,060000,Prov. Aceh,A,11-04-2025,31-12-2029,0,Pemerintah Daerah,Isi Manual
10103021,SMK NEGERI 1 KUTACANE,SMK,060800,Kab. Aceh Tenggara,060000,Prov. Aceh,A,08-12-2021,31-12-2021,93,Pemerintah Daerah,Isi Manual
10103030,SMAN 1 KUTACANE,SMA,060800,Kab. Aceh Tenggara,060000,Prov. Aceh,A,20-10-2022,20-10-2027,94,Pemerintah Daerah,Isi Manual
10103090,SMAN 2 LAWE SIGALAGALA,SMA,060800,Kab. Aceh Tenggara,060000,Prov. Aceh,B,08-12-2021,31-12-2021,0,Pemerintah Daerah,Isi Manual
10103097,SMA NEGERI 1 BADAR,SMA,060800,Kab. Aceh Tenggara,060000,Prov. Aceh,B,08-12-2021,31-12-2021,81,Pemerintah Daerah,Isi Manual
10103100,SMAS DARUL IMAN,SMA,060800,Kab. Aceh Tenggara,060000,Prov. Aceh,B,30-11-2022,18-11-2027,89,Yayasan,Isi Manual
10103325,SMA NEGERI 1 SIMEULUE TENGAH,SMA,061100,Kab. Simeulue,060000,Prov. Aceh,B,08-12-2021,31-12-2021,84,Pemerintah Daerah,Isi Manual
10103326,SMA NEGERI 1 SINABANG,SMA,061100,Kab. Simeulue,060000,Prov. Aceh,A,08-12-2021,31-12-2021,91,Pemerintah Daerah,Isi Manual
10103347,SMK NEGERI 1 SINABANG,SMK,061100,Kab. Simeulue,060000,Prov. Aceh,B,30-11-2022,31-12-2027,88,Pemerintah Daerah,Isi Manual
10103348,SMK Negeri 2 Sinabang,SMK,061100,Kab. Simeulue,060000,Prov. Aceh,B,26-09-2023,26-09-2028,88,Pemerintah Daerah,Isi Manual
10103352,SMA NEGERI 1 SIMEULUE BARAT,SMA,061100,Kab. Simeulue,060000,Prov. Aceh,B,08-12-2021,31-12-2021,85,Pemerintah Daerah,Isi Manual
10103755,SMK SWASTA KESEHATAN MUHAMMADIYAH,SMK,061200,Kab. Bireuen,060000,Prov. Aceh,B,08-12-2021,31-12-2021,88,Yayasan,Isi Manual
10104038,SMA NEGERI 1 SINGKIL UTARA,SMA,061300,Kab. Aceh Singkil,060000,Prov. Aceh,C,11-04-2025,31-12-2029,0,Pemerintah Daerah,Isi Manual
10104039,SMA NEGERI 1 SINGKIL,SMA,061300,Kab. Aceh Singkil,060000,Prov. Aceh,A,08-12-2021,31-12-2021,91,Pemerintah Daerah,Isi Manual
10104040,SMA NEGERI 1 SIMPANG KIRI,SMA,066400,Kota Subulussalam,060000,Prov. Aceh,A,30-09-2022,18-11-2027,95,Pemerintah Daerah,Isi Manual
10104041,SMA HIDAYATULLAH,SMA,066400,Kota Subulussalam,060000,Prov. Aceh,C,08-12-2021,31-12-2021,72,Yayasan,Isi Manual
10104042,SMA NEGERI 1 PULAU BANYAK,SMA,061300,Kab. Aceh Singkil,060000,Prov. Aceh,B,22-07-2024,31-12-2029,0,Pemerintah Daerah,Isi Manual
10104043,SMA NEGERI 1 GUNUNG MERIAH,SMA,061300,Kab. Aceh Singkil,060000,Prov. Aceh,A,08-12-2021,31-12-2021,91,Pemerintah Daerah,Isi Manual
10104044,SMA NEGERI 1 SULTAN DAULAT,SMA,066400,Kota Subulussalam,060000,Prov. Aceh,B,22-07-2024,31-12-2029,0,Pemerintah Pusat,Isi Manual
10104046,SMA NEGERI 1 DANAU PARIS,SMA,061300,Kab. Aceh Singkil,060000,Prov. Aceh,B,08-12-2021,31-12-2021,81,Pemerintah Daerah,Isi Manual
10104048,SMA NEGERI 1 SINGKOHOR,SMA,061300,Kab. Aceh Singkil,060000,Prov. Aceh,A,22-07-2024,31-12-2029,0,Pemerintah Daerah,Isi Manual
10104049,SMA NEGERI 1 SURO,SMA,061300,Kab. Aceh Singkil,060000,Prov. Aceh,B,08-12-2021,31-12-2021,84,Pemerintah Daerah,Isi Manual
10104051,SMA NEGERI 1 SIMPANG KANAN,SMA,061300,Kab. Aceh Singkil,060000,Prov. Aceh,A,08-12-2021,31-12-2021,0,Pemerintah Daerah,e-Rapor
10104056,SMK NEGERI 1 SIMPANG KIRI,SMK,066400,Kota Subulussalam,060000,Prov. Aceh,B,30-11-2022,31-12-2027,90,Pemerintah Pusat,Isi Manual
10104057,SMK NEGERI 1 SINGKIL UTARA,SMK,061300,Kab. Aceh Singkil,060000,Prov. Aceh,B,08-12-2021,31-12-2026,0,Pemerintah Pusat,Isi Manual
10104058,SMK NEGERI 1 PENANGGALAN,SMK,066400,Kota Subulussalam,060000,Prov. Aceh,A,08-12-2021,31-12-2021,0,Pemerintah Daerah,Isi Manual
10104059,SMAN 1 RUNDENG,SMA,066400,Kota Subulussalam,060000,Prov. Aceh,B,26-09-2023,26-09-2028,83,Pemerintah Daerah,Isi Manual
10104270,SMAN 1 TAMIANG HULU,SMA,061400,Kab. Aceh Tamiang,060000,Prov. Aceh,B,30-11-2022,18-11-2027,82,Pemerintah Daerah,Isi Manual
10104271,SMA Negeri 1 Seruway,SMA,061400,Kab. Aceh Tamiang,060000,Prov. Aceh,A,22-07-2024,31-12-2029,0,Pemerintah Daerah,Isi Manual
10104527,SMA NEGERI 1 TERANGUN,SMA,061800,Kab. Gayo Lues,060000,Prov. Aceh,B,22-07-2024,31-12-2029,0,Pemerintah Pusat,Isi Manual
10104528,SMA NEGERI 1 BLANGKEJEREN,SMA,061800,Kab. Gayo Lues,060000,Prov. Aceh,A,22-07-2024,31-12-2029,0,Pemerintah Daerah,Isi Manual
10104529,SMA NEGERI 1 KUTAPANJANG,SMA,061800,Kab. Gayo Lues,060000,Prov. Aceh,A,22-07-2024,31-12-2029,0,Pemerintah Daerah,Isi Manual
10104530,SMA NEGERI 1 RIKIT GAIB,SMA,061800,Kab. Gayo Lues,060000,Prov. Aceh,A,08-12-2021,31-12-2021,91,Pemerintah Daerah,Isi Manual
10104680,SMAN 1 BEUTONG,SMA,061500,Kab. Nagan Raya,060000,Prov. Aceh,A,08-12-2021,31-12-2021,91,Pemerintah Pusat,Isi Manual
10104701,SMA NEGERI 2 SEUNAGAN,SMA,061500,Kab. Nagan Raya,060000,Prov. Aceh,B,08-12-2021,31-12-2021,83,Pemerintah Pusat,Isi Manual
10104837,SMA NEGERI 8 ACEH BARAT DAYA,SMA,061700,Kab. Aceh Barat Daya,060000,Prov. Aceh,B,08-12-2021,31-12-2021,0,Pemerintah Daerah,Isi Manual
10104846,SMK NEGERI 1 ACEH BARAT DAYA,SMK,061700,Kab. Aceh Barat Daya,060000,Prov. Aceh,B,30-11-2022,31-12-2027,88,Pemerintah Pusat,Isi Manual
10104847,SMA NEGERI 5 ACEH BARAT DAYA,SMA,061700,Kab. Aceh Barat Daya,060000,Prov. Aceh,A,08-12-2021,31-12-2021,0,Pemerintah Daerah,Isi Manual
10104848,SMA NEGERI 3 ACEH BARAT DAYA,SMA,061700,Kab. Aceh Barat Daya,060000,Prov. Aceh,B,20-10-2022,20-10-2027,89,Pemerintah Daerah,Isi Manual
10104851,SMA NEGERI 10 ACEH BARAT DAYA,SMA,061700,Kab. Aceh Barat Daya,060000,Prov. Aceh,B,30-11-2022,18-11-2027,81,Pemerintah Daerah,Isi Manual
10104852,SMA NEGERI 11 ACEH BARAT DAYA,SMA,061700,Kab. Aceh Barat Daya,060000,Prov. Aceh,B,30-11-2022,18-11-2027,86,Pemerintah Daerah,Isi Manual
10104862,SMA NEGERI 2 ACEH BARAT DAYA,SMA,061700,Kab. Aceh Barat Daya,060000,Prov. Aceh,A,22-07-2024,31-12-2029,0,Pemerintah Daerah,Isi Manual
10104863,SMA NEGERI 4 ACEH BARAT DAYA,SMA,061700,Kab. Aceh Barat Daya,060000,Prov. Aceh,B,08-12-2021,31-12-2021,0,Pemerintah Daerah,Isi Manual
10104864,SMA NEGERI 1 ACEH BARAT DAYA,SMA,061700,Kab. Aceh Barat Daya,060000,Prov. Aceh,A,22-07-2024,31-12-2029,0,Pemerintah Daerah,Isi Manual
10104878,SMA NEGERI 7 ACEH BARAT DAYA,SMA,061700,Kab. Aceh Barat Daya,060000,Prov. Aceh,B,20-10-2022,20-10-2027,84,Pemerintah Daerah,Isi Manual
10104880,SMA NEGERI 6 ACEH BARAT DAYA,SMA,061700,Kab. Aceh Barat Daya,060000,Prov. Aceh,B,20-10-2022,20-10-2027,86,Pemerintah Daerah,Isi Manual
10104883,SMA NEGERI 9 ACEH BARAT DAYA,SMA,061700,Kab. Aceh Barat Daya,060000,Prov. Aceh,B,22-07-2024,31-12-2029,0,Pemerintah Daerah,Isi Manual
10105042,SMA NEGERI 1 TEUNOM,SMA,061600,Kab. Aceh Jaya,060000,Prov. Aceh,A,22-07-2024,31-12-2029,0,Pemerintah Daerah,Isi Manual
10105043,SMA NEGERI 1 CALANG,SMA,061600,Kab. Aceh Jaya,060000,Prov. Aceh,B,22-07-2024,31-12-2029,0,Pemerintah Daerah,Isi Manual
10105059,SMA NEGERI 1 PANGA,SMA,061600,Kab. Aceh Jaya,060000,Prov. Aceh,B,26-09-2023,26-09-2028,89,Pemerintah Daerah,Isi Manual
10105342,SMAS Inshafuddin Banda Aceh,SMA,066100,Kota Banda Aceh,060000,Prov. Aceh,A,22-07-2024,31-12-2029,0,Yayasan,Isi Manual
10105388,SMA NEGERI 3 BANDA ACEH,SMA,066100,Kota Banda Aceh,060000,Prov. Aceh,A,22-07-2024,31-12-2029,0,Pemerintah Daerah,Isi Manual
10105707,SMK NEGERI 3 LANGSA,SMK,066300,Kota Langsa,060000,Prov. Aceh,A,30-11-2022,31-12-2027,92,Pemerintah Daerah,Isi Manual
10106280,SMK NEGERI 1 BAKTIYA BARAT,SMK,060300,Kab. Aceh Utara,060000,Prov. Aceh,B,22-07-2024,31-12-2029,0,Pemerintah Daerah,Isi Manual
10107099,SMA NEGERI 2 PEUSANGAN,SMA,061200,Kab. Bireuen,060000,Prov. Aceh,A,22-07-2024,31-12-2029,0,Pemerintah Daerah,Isi Manual
10107154,SMA NEGERI 3 KEJURUAN MUDA,SMA,061400,Kab. Aceh Tamiang,060000,Prov. Aceh,B,11-04-2025,31-12-2029,0,Pemerintah Pusat,Isi Manual
10107195,SMA NEGERI 11 BANDA ACEH,SMA,066100,Kota Banda Aceh,060000,Prov. Aceh,A,22-07-2024,31-12-2029,0,Pemerintah Daerah,Isi Manual
10107197,SMA NEGERI 9 BANDA ACEH,SMA,066100,Kota Banda Aceh,060000,Prov. Aceh,A,06-01-2025,06-01-2030,0,Pemerintah Daerah,Isi Manual
10107274,SMA NEGERI 1 PINTU RIME GAYO,SMA,061900,Kab. Bener Meriah,060000,Prov. Aceh,B,30-11-2022,18-11-2027,83,Pemerintah Pusat,Isi Manual
10107494,SMA ISLAM AL-FALAH,SMA,060100,Kab. Aceh Besar,060000,Prov. Aceh,A,08-12-2021,31-12-2021,0,Yayasan,Isi Manual
10107513,SMAN 10 TAKENGON,SMA,060500,Kab. Aceh Tengah,060000,Prov. Aceh,B,22-07-2024,31-12-2029,0,Pemerintah Daerah,Isi Manual
10107801,SMKN KELAUTAN DAN PERIKANAN KUALA BARU,SMK,061300,Kab. Aceh Singkil,060000,Prov. Aceh,C,22-07-2024,31-12-2029,0,Pemerintah Daerah,Isi Manual
10107804,SMA NEGERI UNGGUL SUBULUSSALAM,SMA,066400,Kota Subulussalam,060000,Prov. Aceh,A,22-07-2024,31-12-2029,0,Pemerintah Daerah,Isi Manual
10107807,SMK NEGERI 1 GUNUNG MERIAH,SMK,061300,Kab. Aceh Singkil,060000,Prov. Aceh,A,23-10-2023,23-10-2028,93,Pemerintah Pusat,Isi Manual
10107824,SMA NEGERI 11 TAKENGON,SMA,060500,Kab. Aceh Tengah,060000,Prov. Aceh,B,06-01-2025,06-01-2030,0,Pemerintah Daerah,Isi Manual
10107925,SMA NEGERI 1 JAYA,SMA,061600,Kab. Aceh Jaya,060000,Prov. Aceh,B,20-10-2022,20-10-2027,89,Pemerintah Daerah,e-Rapor
10107926,SMAN 1 SEUNAGAN,SMA,061500,Kab. Nagan Raya,060000,Prov. Aceh,A,08-12-2021,31-12-2021,95,Pemerintah Daerah,Isi Manual
10107959,SMK NEGERI 1 WOYLA,SMK,060600,Kab. Aceh Barat,060000,Prov. Aceh,B,22-07-2024,31-12-2029,0,Pemerintah Daerah,Isi Manual
10107963,SMA NEGERI 3 KUALA,SMA,061500,Kab. Nagan Raya,060000,Prov. Aceh,A,08-12-2021,31-12-2026,0,Pemerintah Daerah,Isi Manual
10107964,SMAN 1 KUALA,SMA,061500,Kab. Nagan Raya,060000,Prov. Aceh,B,08-12-2021,31-12-2021,85,Pemerintah Daerah,Isi Manual
10107965,SMA NEGERI 2 BEUTONG,SMA,061500,Kab. Nagan Raya,060000,Prov. Aceh,B,08-12-2021,31-12-2021,0,Pemerintah Daerah,Isi Manual
10108057,SMA NEGERI 2 DARUL MAKMUR,SMA,061500,Kab. Nagan Raya,060000,Prov. Aceh,B,08-12-2021,31-12-2021,83,Pemerintah Pusat,Isi Manual
10108058,SMA NEGERI 1 DARUL MAKMUR,SMA,061500,Kab. Nagan Raya,060000,Prov. Aceh,A,06-01-2025,06-01-2030,0,Pemerintah Daerah,Isi Manual
10108059,SMA NEGERI 2 KUALA,SMA,061500,Kab. Nagan Raya,060000,Prov. Aceh,B,08-12-2021,31-12-2021,85,Pemerintah Daerah,Isi Manual
10108069,SMK NEGERI 1 CALANG,SMK,061600,Kab. Aceh Jaya,060000,Prov. Aceh,B,30-11-2022,31-12-2027,90,Pemerintah Daerah,Isi Manual
10108103,SMA NEGERI 1 WOYLA BARAT,SMA,060600,Kab. Aceh Barat,060000,Prov. Aceh,B,22-07-2024,31-12-2029,0,Pemerintah Daerah,Isi Manual
10108105,SMK NEGERI 3 MEULABOH,SMK,060600,Kab. Aceh Barat,060000,Prov. Aceh,B,30-11-2022,31-12-2027,88,Pemerintah Daerah,Isi Manual
10108106,SMK NEGERI 1 SAMATIGA,SMK,060600,Kab. Aceh Barat,060000,Prov. Aceh,B,30-09-2022,22-01-2027,85,Pemerintah Daerah,Isi Manual
10108199,SMA SWASTA MUHAMMADIYAH GUNUNG MERIAH,SMA,061300,Kab. Aceh Singkil,060000,Prov. Aceh,B,22-07-2024,31-12-2029,0,Yayasan,Isi Manual
10108201,SMA NEGERI 2 GUNUNG MERIAH,SMA,061300,Kab. Aceh Singkil,060000,Prov. Aceh,B,08-12-2021,31-12-2021,83,Pemerintah Pusat,Isi Manual
10108208,SMKS DARMA SHALIHAT ALUE BILIE,SMK,061500,Kab. Nagan Raya,060000,Prov. Aceh,B,08-12-2021,31-12-2021,89,Yayasan,Isi Manual
10108209,SMK Negeri 1 Nagan Raya,SMK,061500,Kab. Nagan Raya,060000,Prov. Aceh,B,30-11-2022,31-12-2027,89,Pemerintah Daerah,Isi Manual
10108260,SMK NEGERI 1 DARUL HIKMAH,SMK,061600,Kab. Aceh Jaya,060000,Prov. Aceh,B,10-11-2025,31-12-2030,0,Pemerintah Daerah,Isi Manual
10108261,SMK SWASTA MUDI,SMK,061600,Kab. Aceh Jaya,060000,Prov. Aceh,B,08-12-2021,31-12-2021,86,Yayasan,Isi Manual
10108265,SMK NEGERI 1 KAWAY XVI,SMK,060600,Kab. Aceh Barat,060000,Prov. Aceh,B,22-07-2024,31-12-2029,0,Pemerintah Daerah,Isi Manual
10108272,SMK NEGERI 1 PANTE CEUREUMEN,SMK,060600,Kab. Aceh Barat,060000,Prov. Aceh,A,06-01-2025,06-01-2030,0,Pemerintah Daerah,Isi Manual
10110255,SMA NEGERI 2 MEUREUBO,SMA,060600,Kab. Aceh Barat,060000,Prov. Aceh,B,22-07-2024,31-12-2029,0,Pemerintah Daerah,Isi Manual
10110262,SMA NEGERI 1 PANTE CEUREUMEN,SMA,060600,Kab. Aceh Barat,060000,Prov. Aceh,B,22-07-2024,31-12-2029,0,Pemerintah Daerah,Isi Manual
10110269,SMK NEGERI 2 MEULABOH,SMK,060600,Kab. Aceh Barat,060000,Prov. Aceh,B,30-11-2022,31-12-2027,89,Pemerintah Daerah,Isi Manual
10110274,SMA NEGERI 4 WIRA BANGSA MEULABOH,SMA,060600,Kab. Aceh Barat,060000,Prov. Aceh,A,22-07-2024,31-12-2029,0,Pemerintah Daerah,Isi Manual
10110295,SMA Negeri 3 DARUL MAKMUR,SMA,061500,Kab. Nagan Raya,060000,Prov. Aceh,B,22-07-2024,31-12-2029,0,Pemerintah Daerah,Isi Manual
10110338,SMA Negeri 4 KUALA,SMA,061500,Kab. Nagan Raya,060000,Prov. Aceh,B,08-12-2021,31-12-2026,0,Pemerintah Daerah,Isi Manual
10110348,SMAN 2 BADAR,SMA,060800,Kab. Aceh Tenggara,060000,Prov. Aceh,B,08-12-2021,31-12-2021,85,Pemerintah Daerah,Isi Manual
10110349,SMAN 1 LAWE BULAN,SMA,060800,Kab. Aceh Tenggara,060000,Prov. Aceh,B,30-11-2022,18-11-2027,86,Pemerintah Daerah,Isi Manual
10110350,SMAN 1 DARUL HASANAH,SMA,060800,Kab. Aceh Tenggara,060000,Prov. Aceh,B,30-11-2022,18-11-2027,85,Pemerintah Daerah,Isi Manual
10110366,SMA NEGERI 1 PEUNARON,SMA,060400,Kab. Aceh Timur,060000,Prov. Aceh,B,30-11-2022,31-12-2027,82,Pemerintah Daerah,Isi Manual
10110454,SMK SMTI BANDA ACEH,SMK,066100,Kota Banda Aceh,060000,Prov. Aceh,A,08-12-2021,31-12-2021,0,Pemerintah Pusat,Isi Manual
10110488,SMA NEGERI 1 SAMPOINIET,SMA,061600,Kab. Aceh Jaya,060000,Prov. Aceh,A,08-12-2021,31-12-2021,96,Pemerintah Pusat,Isi Manual
10110529,SMA NEGERI UNGGUL TUNAS BANGSA,SMA,061700,Kab. Aceh Barat Daya,060000,Prov. Aceh,A,22-07-2024,31-12-2029,0,Pemerintah Daerah,Isi Manual
10110530,SMA NEGERI UNGGUL HARAPAN PERSADA,SMA,061700,Kab. Aceh Barat Daya,060000,Prov. Aceh,A,22-07-2024,31-12-2029,0,Pemerintah Daerah,Isi Manual
10110534,SMK NEGERI 4 ACEH BARAT DAYA,SMK,061700,Kab. Aceh Barat Daya,060000,Prov. Aceh,C,30-09-2022,22-01-2027,80,Pemerintah Daerah,Isi Manual
10110535,SMK NEGERI 3 ACEH BARAT DAYA,SMK,061700,Kab. Aceh Barat Daya,060000,Prov. Aceh,C,08-12-2021,31-12-2026,73,Pemerintah Daerah,Isi Manual
10110537,SMK NEGERI 5 ACEH BARAT DAYA,SMK,061700,Kab. Aceh Barat Daya,060000,Prov. Aceh,B,30-11-2022,31-12-2027,82,Pemerintah Daerah,Isi Manual
10110562,SMA NEGERI 2 MEULABOH,SMA,060600,Kab. Aceh Barat,060000,Prov. Aceh,A,22-07-2024,31-12-2029,0,Pemerintah Pusat,Isi Manual
10110564,SMA NEGERI 1 BUBON,SMA,060600,Kab. Aceh Barat,060000,Prov. Aceh,B,22-07-2024,31-12-2029,0,Pemerintah Daerah,Isi Manual
10110605,SMA NEGERI 2 KAWAY XVI,SMA,060600,Kab. Aceh Barat,060000,Prov. Aceh,B,30-11-2022,18-11-2027,83,Pemerintah Daerah,Isi Manual
10110609,SMA NEGERI 1 MEUREUBO,SMA,060600,Kab. Aceh Barat,060000,Prov. Aceh,B,22-07-2024,31-12-2029,0,Pemerintah Daerah,Isi Manual
10110632,SMA NEGERI BUNGA BANGSA,SMA,061500,Kab. Nagan Raya,060000,Prov. Aceh,A,06-01-2025,06-01-2030,0,Pemerintah Daerah,Isi Manual
10110635,SMA NEGERI 1 ARONGAN LAMBALEK,SMA,060600,Kab. Aceh Barat,060000,Prov. Aceh,B,11-04-2025,31-12-2029,0,Pemerintah Daerah,Isi Manual
10110683,SMA SWASTA BINA GENERASI BANGSA,SMA,060600,Kab. Aceh Barat,060000,Prov. Aceh,C,06-01-2025,06-01-2030,0,Yayasan,Isi Manual
10110701,SMA NEGERI 1 WOYLA TIMUR,SMA,060600,Kab. Aceh Barat,060000,Prov. Aceh,B,22-07-2024,31-12-2029,0,Pemerintah Daerah,Isi Manual
10110732,SMA NEGERI 1 SETIA BAKTI,SMA,061600,Kab. Aceh Jaya,060000,Prov. Aceh,B,30-11-2022,18-11-2027,0,Pemerintah Daerah,Isi Manual
10110740,SMA SWASTA DARUL ABRAR,SMA,061600,Kab. Aceh Jaya,060000,Prov. Aceh,B,08-12-2021,31-12-2021,0,Yayasan,Isi Manual
10110768,SMK NEGERI 1 PASIE RAYA,SMK,061600,Kab. Aceh Jaya,060000,Prov. Aceh,C,20-10-2022,20-10-2027,73,Pemerintah Daerah,Isi Manual
10110879,SMA NEGERI 2 SINABANG,SMA,061100,Kab. Simeulue,060000,Prov. Aceh,A,30-09-2022,18-11-2027,93,Pemerintah Daerah,Isi Manual
10110880,SMA NEGERI 1 TEUPAH TENGAH,SMA,061100,Kab. Simeulue,060000,Prov. Aceh,B,30-09-2022,18-11-2027,81,Pemerintah Daerah,Isi Manual
10110894,SMA NEGERI 1 ALAFAN,SMA,061100,Kab. Simeulue,060000,Prov. Aceh,B,08-12-2021,31-12-2021,83,Pemerintah Daerah,Isi Manual
10110895,SMA NEGERI 1 SALANG,SMA,061100,Kab. Simeulue,060000,Prov. Aceh,B,08-12-2021,31-12-2021,81,Pemerintah Pusat,Isi Manual
10110896,SMA NEGERI 2 SALANG,SMA,061100,Kab. Simeulue,060000,Prov. Aceh,B,20-10-2022,20-10-2027,86,Pemerintah Daerah,Isi Manual
10110901,SMA NEGERI 3 SIMEULUE BARAT,SMA,061100,Kab. Simeulue,060000,Prov. Aceh,B,30-09-2022,18-11-2027,84,Pemerintah Daerah,Isi Manual
10110902,SMA NEGERI 2 SIMEULUE TENGAH,SMA,061100,Kab. Simeulue,060000,Prov. Aceh,B,22-07-2024,31-12-2029,0,Pemerintah Daerah,Isi Manual
10110903,SMA NEGERI 2 SIMEULUE BARAT,SMA,061100,Kab. Simeulue,060000,Prov. Aceh,B,30-09-2022,18-11-2027,83,Pemerintah Daerah,Isi Manual
10110904,SMA NEGERI 1 SIMEULUE CUT,SMA,061100,Kab. Simeulue,060000,Prov. Aceh,B,22-07-2024,31-12-2029,0,Pemerintah Daerah,Isi Manual
10111320,SMA NEGERI 1 LONGKIB,SMA,066400,Kota Subulussalam,060000,Prov. Aceh,B,22-07-2024,31-12-2029,0,Pemerintah Daerah,Isi Manual
10111326,SMAS PLUS MUHAMMADIYAH,SMA,066400,Kota Subulussalam,060000,Prov. Aceh,A,06-01-2025,06-01-2030,0,Yayasan,Isi Manual
10111327,SMK NEGERI 1 MEUREUBO,SMK,060600,Kab. Aceh Barat,060000,Prov. Aceh,B,30-11-2022,31-12-2027,83,Pemerintah Daerah,Isi Manual
10111328,SMK NEGERI 4 MEULABOH,SMK,060600,Kab. Aceh Barat,060000,Prov. Aceh,B,30-11-2022,31-12-2027,82,Pemerintah Daerah,Isi Manual
10111578,SMAS JABAL NUR JADID,SMA,061700,Kab. Aceh Barat Daya,060000,Prov. Aceh,B,30-11-2022,18-11-2027,83,Yayasan,Isi Manual
10111579,SMAN 1 BAKONGAN TIMUR,SMA,060700,Kab. Aceh Selatan,060000,Prov. Aceh,B,08-12-2021,31-12-2021,84,Pemerintah Daerah,Isi Manual
10111595,SMA NEGERI 1 PANTON REE,SMA,060600,Kab. Aceh Barat,060000,Prov. Aceh,B,08-12-2021,31-12-2026,84,Pemerintah Daerah,Isi Manual
10111679,SMA NEGERI 1 TELUK DALAM,SMA,061100,Kab. Simeulue,060000,Prov. Aceh,B,22-07-2024,31-12-2029,0,Pemerintah Daerah,Isi Manual
10111680,SMA NEGERI 1 TEUPAH BARAT,SMA,061100,Kab. Simeulue,060000,Prov. Aceh,A,30-09-2022,01-01-1900,92,Pemerintah Daerah,Isi Manual
10111681,SMA NEGERI 1 TEUPAH SELATAN,SMA,061100,Kab. Simeulue,060000,Prov. Aceh,B,08-12-2021,31-12-2021,83,Pemerintah Daerah,Isi Manual
10111806,SMK NEGERI 1 BANDAR DUA,SMK,062000,Kab. Pidie Jaya,060000,Prov. Aceh,B,30-09-2022,22-01-2027,88,Pemerintah Daerah,Isi Manual
10111870,SMAN 3 KLUET UTARA,SMA,060700,Kab. Aceh Selatan,060000,Prov. Aceh,B,08-12-2021,31-12-2021,83,Pemerintah Daerah,Isi Manual
10111912,SMK-PP NEGERI KUTACANE,SMK,060800,Kab. Aceh Tenggara,060000,Prov. Aceh,A,30-11-2022,31-12-2027,95,Pemerintah Daerah,Isi Manual
10111947,SMK NEGERI 1 TEUPAH TENGAH,SMK,061100,Kab. Simeulue,060000,Prov. Aceh,B,08-12-2021,31-12-2021,84,Pemerintah Daerah,Isi Manual
10112509,SMK NEGERI 1 SALANG,SMK,061100,Kab. Simeulue,060000,Prov. Aceh,C,08-12-2021,31-12-2021,78,Pemerintah Daerah,Isi Manual
10112821,SMK-PP NEGERI SAREE,SMK,060100,Kab. Aceh Besar,060000,Prov. Aceh,A,30-11-2022,31-12-2027,94,Pemerintah Daerah,Isi Manual
10113035,SMK NEGERI LABUHAN HAJI TIMUR,SMK,060700,Kab. Aceh Selatan,060000,Prov. Aceh,C,22-07-2024,31-12-2029,0,Pemerintah Daerah,Isi Manual
10113064,SMA NEGERI 2 TEUPAH BARAT,SMA,061100,Kab. Simeulue,060000,Prov. Aceh,B,30-09-2022,18-11-2027,84,Pemerintah Daerah,Isi Manual
10113239,SMA NEGERI 3 SEUNAGAN,SMA,061500,Kab. Nagan Raya,060000,Prov. Aceh,B,06-01-2025,06-01-2030,0,Pemerintah Daerah,Isi Manual
10113240,SMA NEGERI 1 SUKA MAKMUE,SMA,061500,Kab. Nagan Raya,060000,Prov. Aceh,B,30-09-2022,18-11-2027,89,Pemerintah Pusat,Isi Manual
10113241,SMA NEGERI 1 TADU RAYA,SMA,061500,Kab. Nagan Raya,060000,Prov. Aceh,B,22-07-2024,31-12-2029,0,Pemerintah Pusat,Isi Manual
10113243,SMA NEGERI 6 DARUL MAKMUR,SMA,061500,Kab. Nagan Raya,060000,Prov. Aceh,B,22-07-2024,31-12-2029,0,Pemerintah Daerah,Isi Manual
10113257,SMK NEGERI 1 KLUET TIMUR,SMK,060700,Kab. Aceh Selatan,060000,Prov. Aceh,C,08-12-2021,31-12-2021,78,Pemerintah Daerah,Isi Manual
10113351,SMA Negeri Unggul Darussalam Labuhan Haji,SMA,060700,Kab. Aceh Selatan,060000,Prov. Aceh,A,22-07-2024,31-12-2029,0,Pemerintah Daerah,Isi Manual
10113369,SMKS HIDAYATUL ANAM,SMK,060700,Kab. Aceh Selatan,060000,Prov. Aceh,B,23-10-2023,23-10-2028,81,Lainnya,Isi Manual
10113403,SMA NEGERI 3 TEUPAH SELATAN,SMA,061100,Kab. Simeulue,060000,Prov. Aceh,B,30-09-2022,18-11-2027,85,Pemerintah Daerah,Isi Manual
10113599,SMA NEGERI 16 BANDA ACEH,SMA,066100,Kota Banda Aceh,060000,Prov. Aceh,B,08-12-2021,31-12-2021,84,Pemerintah Daerah,Isi Manual
10113610,SMA NEGERI 1 PANTAN CUACA,SMA,061800,Kab. Gayo Lues,060000,Prov. Aceh,B,22-07-2024,31-12-2029,0,Pemerintah Daerah,Isi Manual
10113618,SMA NEGERI 1 KRUENG SABEE,SMA,061600,Kab. Aceh Jaya,060000,Prov. Aceh,B,10-11-2025,31-12-2030,0,Pemerintah Daerah,Isi Manual
10113619,SMA NEGERI 1 INDRA JAYA,SMA,061600,Kab. Aceh Jaya,060000,Prov. Aceh,B,08-12-2021,31-12-2021,84,Pemerintah Daerah,Isi Manual
10113621,SMK NEGERI 1 PANGA,SMK,061600,Kab. Aceh Jaya,060000,Prov. Aceh,B,08-12-2021,31-12-2021,85,Pemerintah Daerah,Isi Manual
10113622,SMK NEGERI 1 SETIA BAKTI,SMK,061600,Kab. Aceh Jaya,060000,Prov. Aceh,B,08-12-2021,31-12-2021,81,Pemerintah Daerah,Isi Manual
10113652,SMK NEGERI SULTAN DAULAT,SMK,066400,Kota Subulussalam,060000,Prov. Aceh,B,26-09-2023,26-09-2028,85,Pemerintah Daerah,Isi Manual
10113653,MAS ASHHABUL YAMIN,MA,060700,Kab. Aceh Selatan,060000,Prov. Aceh,B,08-12-2021,31-12-2021,86,Yayasan,Isi Manual
10113654,MAN 2 ACEH SELATAN,MA,060700,Kab. Aceh Selatan,060000,Prov. Aceh,B,06-01-2025,06-01-2030,0,Pemerintah Daerah,Isi Manual
10113655,MAN 4 ACEH SELATAN,MA,060700,Kab. Aceh Selatan,060000,Prov. Aceh,B,08-12-2021,31-12-2021,85,Pemerintah Daerah,Isi Manual
10113656,MAS LABUHAN HAJI BARAT,MA,060700,Kab. Aceh Selatan,060000,Prov. Aceh,B,22-07-2024,31-12-2029,0,Yayasan,Isi Manual
10113661,MAS DARUL AITAMI,MA,060700,Kab. Aceh Selatan,060000,Prov. Aceh,B,22-07-2024,31-12-2029,0,Yayasan,Isi Manual
10113663,MAN 1 ACEH SELATAN,MA,060700,Kab. Aceh Selatan,060000,Prov. Aceh,A,12-12-2023,12-12-2028,93,Pemerintah Daerah,Isi Manual
10113664,MAS JABAL RAHMAH,MA,060700,Kab. Aceh Selatan,060000,Prov. Aceh,B,08-12-2021,31-12-2021,82,Yayasan,Isi Manual
10113669,MAN ACEH SINGKIL,MA,061300,Kab. Aceh Singkil,060000,Prov. Aceh,A,15-10-2021,15-10-2026,92,Pemerintah Daerah,e-Rapor
10113674,MAS YASPENDI,MA,061400,Kab. Aceh Tamiang,060000,Prov. Aceh,B,23-10-2023,23-10-2028,88,Yayasan,Isi Manual
10113730,MAS AL MUSLIMUN,MA,060300,Kab. Aceh Utara,060000,Prov. Aceh,A,15-10-2021,15-10-2026,95,Yayasan,Isi Manual
10113754,MAS AL- ZAHRAH,MA,061200,Kab. Bireuen,060000,Prov. Aceh,A,22-07-2024,31-12-2029,0,Yayasan,Isi Manual
10113763,MAN 1 BIREUEN,MA,061200,Kab. Bireuen,060000,Prov. Aceh,B,06-01-2025,06-01-2030,0,Pemerintah Daerah,Isi Manual
10113779,MAS ULUMUL QUR-AN,MA,066300,Kota Langsa,060000,Prov. Aceh,A,08-12-2021,31-12-2021,91,Yayasan,Isi Manual
10113790,MAN 1 SUBULUSSALAM,MA,066400,Kota Subulussalam,060000,Prov. Aceh,A,06-01-2025,06-01-2030,0,Pemerintah Daerah,Isi Manual
10113795,MAN 2 SUBULUSSALAM,MA,066400,Kota Subulussalam,060000,Prov. Aceh,B,22-07-2024,31-12-2029,0,Pemerintah Daerah,Isi Manual
10113798,MAN NAGAN RAYA,MA,061500,Kab. Nagan Raya,060000,Prov. Aceh,A,26-09-2023,26-09-2028,93,Pemerintah Daerah,e-Rapor
10113806,MAN 2 PIDIE,MA,060200,Kab. Pidie,060000,Prov. Aceh,A,15-10-2021,15-10-2026,93,Pemerintah Daerah,Isi Manual
10113814,MAN 1 PIDIE JAYA,MA,062000,Kab. Pidie Jaya,060000,Prov. Aceh,B,08-12-2021,31-12-2021,83,Pemerintah Daerah,Isi Manual
10113832,MAS MUHAMMADIYAH 12,MA,070600,Kab. Asahan,070000,Prov. Sumatera Utara,B,23-10-2023,23-10-2028,85,Yayasan,Isi Manual
10113917,SMK NEGERI 6 LANGSA,SMK,066300,Kota Langsa,060000,Prov. Aceh,A,26-09-2023,26-09-2028,93,Pemerintah Daerah,Isi Manual
10114232,MAN 1 ACEH BARAT,MA,060600,Kab. Aceh Barat,060000,Prov. Aceh,A,26-09-2023,26-09-2028,93,Pemerintah Daerah,Isi Manual
10114234,MAS ALUE TAMPAK,MA,060600,Kab. Aceh Barat,060000,Prov. Aceh,B,23-10-2023,23-10-2028,81,Yayasan,Isi Manual
10114235,MAS DARUL HIKMAH,MA,060600,Kab. Aceh Barat,060000,Prov. Aceh,B,22-07-2024,31-12-2029,0,Yayasan,Isi Manual
10114236,MAS MEUREUBO,MA,060600,Kab. Aceh Barat,060000,Prov. Aceh,C,22-07-2024,31-12-2029,0,Yayasan,Isi Manual
10114237,MAN 2 ACEH BARAT,MA,060600,Kab. Aceh Barat,060000,Prov. Aceh,A,20-10-2022,20-10-2027,93,Pemerintah Daerah,Isi Manual
10114239,MAN ACEH BARAT DAYA,MA,061700,Kab. Aceh Barat Daya,060000,Prov. Aceh,A,22-07-2024,31-12-2029,0,Pemerintah Pusat,Isi Manual
10114241,MAS MANGGENG,MA,061700,Kab. Aceh Barat Daya,060000,Prov. Aceh,B,22-07-2024,31-12-2029,0,Yayasan,Isi Manual
10114242,MAS TANGAN-TANGAN,MA,061700,Kab. Aceh Barat Daya,060000,Prov. Aceh,B,08-12-2021,31-12-2021,83,Yayasan,Isi Manual
10114244,MADRASAH ALIYAH RUHUL ISLAM ANAK BANGSA,MA,060100,Kab. Aceh Besar,060000,Prov. Aceh,A,08-12-2021,31-12-2021,94,Yayasan,e-Rapor
10114264,MAS PANGA,MA,061600,Kab. Aceh Jaya,060000,Prov. Aceh,C,08-12-2021,31-12-2026,0,Yayasan,Isi Manual
10114266,MAN ACEH JAYA,MA,061600,Kab. Aceh Jaya,060000,Prov. Aceh,B,12-12-2023,12-12-2028,86,Pemerintah Daerah,Isi Manual
10201316,SMAN 1 BABALAN,SMA,070200,Kab. Langkat,070000,Prov. Sumatera Utara,A,23-10-2023,23-10-2028,92,Pemerintah Pusat,Isi Manual
10201322,SMAS PERSIAPAN,SMA,070200,Kab. Langkat,070000,Prov. Sumatera Utara,A,08-12-2021,31-12-2021,0,Yayasan,Isi Manual
10201337,SMAN 1 SEI BINGAI,SMA,070200,Kab. Langkat,070000,Prov. Sumatera Utara,B,01-01-1900,01-01-1900,0,Pemerintah Pusat,Isi Manual
10201343,SMAN 1 HINAI,SMA,070200,Kab. Langkat,070000,Prov. Sumatera Utara,A,08-12-2021,31-12-2021,0,Pemerintah Pusat,Isi Manual
10201988,SMA NEGERI 1 TIGANDERKET,SMA,070300,Kab. Karo,070000,Prov. Sumatera Utara,A,01-01-1900,01-01-1900,93,Pemerintah Pusat,Isi Manual
10202673,SMA NEGERI 1 HUTABAYURAJA,SMA,070400,Kab. Simalungun,070000,Prov. Sumatera Utara,B,22-07-2024,31-12-2029,0,Pemerintah Daerah,Isi Manual
10202773,SMA NEGERI 1 SIANTAR,SMA,070400,Kab. Simalungun,070000,Prov. Sumatera Utara,A,22-07-2024,31-12-2029,0,Pemerintah Daerah,Isi Manual
10203525,SMAS ADVENT SUMBUL,SMA,070500,Kab. Dairi,070000,Prov. Sumatera Utara,B,22-07-2024,31-12-2029,0,Yayasan,Isi Manual
10203536,SMAN 1 PEGAGAN HILIR,SMA,070500,Kab. Dairi,070000,Prov. Sumatera Utara,B,08-12-2021,31-12-2021,84,Pemerintah Daerah,Isi Manual
10203550,SMAN 1 SILIMA PUNGGA-PUNGGA,SMA,070500,Kab. Dairi,070000,Prov. Sumatera Utara,A,01-01-1900,01-01-1900,94,Pemerintah Pusat,Isi Manual
10204057,SMAN 1 SIMPANG EMPAT,SMA,070600,Kab. Asahan,070000,Prov. Sumatera Utara,A,01-01-1900,01-01-1900,0,Pemerintah Daerah,Isi Manual
10204063,SMA NEGERI 1 LIMA PULUH,SMA,072200,Kab. Batu Bara,070000,Prov. Sumatera Utara,A,08-12-2021,31-12-2021,91,Pemerintah Daerah,Isi Manual
10204224,SMAN 1 AIR JOMAN,SMA,070600,Kab. Asahan,070000,Prov. Sumatera Utara,A,23-10-2023,23-10-2028,92,Pemerintah Daerah,Isi Manual
10204244,SMAN 1 AEK KUASAN,SMA,070600,Kab. Asahan,070000,Prov. Sumatera Utara,B,22-07-2024,31-12-2029,0,Pemerintah Daerah,Isi Manual
10205362,SMAN 3 RANTAU UTARA,SMA,070700,Kab. Labuhanbatu,070000,Prov. Sumatera Utara,A,08-12-2021,31-12-2021,0,Pemerintah Daerah,Isi Manual
10205363,SMAN 1 BILAH HULU,SMA,070700,Kab. Labuhanbatu,070000,Prov. Sumatera Utara,A,23-10-2023,23-10-2028,91,Pemerintah Daerah,Isi Manual
10205378,SMAN 1 KAMPUNG RAKYAT,SMA,072600,Kab. Labuhanbatu Selatan,070000,Prov. Sumatera Utara,B,22-07-2024,31-12-2029,0,Pemerintah Daerah,Isi Manual
10205384,SMAN 1 RANTAU UTARA,SMA,070700,Kab. Labuhanbatu,070000,Prov. Sumatera Utara,A,08-12-2021,31-12-2021,91,Pemerintah Daerah,Isi Manual
10205393,SMAN 1 KUALUH HULU,SMA,072500,Kab. Labuhanbatu Utara,070000,Prov. Sumatera Utara,A,08-12-2021,31-12-2021,94,Pemerintah Daerah,Isi Manual
10206514,SMKS TIK TRI MULIA BHAKTI,SMK,070900,Kab. Tapanuli Tengah,070000,Prov. Sumatera Utara,B,12-12-2023,01-01-1900,87,Yayasan,Isi Manual
10206578,SMAN 1 BARUS,SMA,070900,Kab. Tapanuli Tengah,070000,Prov. Sumatera Utara,A,21-10-2022,21-10-2027,92,Pemerintah Daerah,Isi Manual
10207077,SMAN 1 BATANGTORU,SMA,071000,Kab. Tapanuli Selatan,070000,Prov. Sumatera Utara,A,08-12-2021,31-12-2021,0,Pemerintah Daerah,Isi Manual
10207081,SMA NEGERI 1 SIPIROK,SMA,071000,Kab. Tapanuli Selatan,070000,Prov. Sumatera Utara,A,09-12-2021,09-12-2026,93,Pemerintah Pusat,Isi Manual
10207082,SMAN 1 ANGKOLA SELATAN,SMA,071000,Kab. Tapanuli Selatan,070000,Prov. Sumatera Utara,A,09-12-2021,09-12-2026,91,Pemerintah Daerah,Isi Manual
10207083,SMAN 1 SAIPAR DOLOK HOLE,SMA,071000,Kab. Tapanuli Selatan,070000,Prov. Sumatera Utara,B,01-01-1900,01-01-1900,84,Pemerintah Daerah,Isi Manual
10207087,SMAN 1 ANGKOLA BARAT,SMA,071000,Kab. Tapanuli Selatan,070000,Prov. Sumatera Utara,A,21-10-2022,21-10-2027,92,Pemerintah Daerah,Isi Manual
10208163,SMAN 1 KOTANOPAN,SMA,071500,Kab. Mandailing Natal,070000,Prov. Sumatera Utara,A,09-12-2021,09-12-2026,94,Pemerintah Pusat,Isi Manual
10208531,SMKN 1 LAGUBOTI,SMK,071600,Kab. Toba,070000,Prov. Sumatera Utara,A,23-10-2023,23-10-2028,91,Pemerintah Pusat,Isi Manual
10208654,SMK NEGERI 1 PARGETTENG GETTENG SENGKUT,SMK,071800,Kab. Pakpak Bharat,070000,Prov. Sumatera Utara,A,31-10-2023,31-10-2028,92,Pemerintah Daerah,Isi Manual
10208655,SMAN 1 SIGUNUNG,SMA,071800,Kab. Pakpak Bharat,070000,Prov. Sumatera Utara,B,01-01-1900,01-01-1900,0,Pemerintah Pusat,Isi Manual
10208656,SMAN 1 SALAK,SMA,071800,Kab. Pakpak Bharat,070000,Prov. Sumatera Utara,A,30-11-2022,19-11-2027,93,Pemerintah Pusat,Isi Manual
10208953,SMAS ST MIKHAEL PANGURURAN,SMA,072000,Kab. Samosir,070000,Prov. Sumatera Utara,A,01-01-1900,01-01-1900,0,Yayasan,Isi Manual
10209413,SMA SWASTA METHODIST EL-SHADDAY,SMA,072100,Kab. Serdang Bedagai,070000,Prov. Sumatera Utara,A,25-05-2023,11-10-2028,92,Yayasan,Isi Manual
10210737,SMA SWASTA KEMALA BHAYANGKARI 1 MEDAN,SMA,076000,Kota Medan,070000,Prov. Sumatera Utara,A,08-12-2021,31-12-2021,95,Yayasan,Isi Manual
10210743,SMAS KRISTEN KALAM KUDUS,SMA,076000,Kota Medan,070000,Prov. Sumatera Utara,A,08-12-2021,31-12-2021,0,Yayasan,Isi Manual
10210759,SMA SWASTA LAKSAMANA MARTADINATA,SMA,076000,Kota Medan,070000,Prov. Sumatera Utara,A,30-09-2022,19-11-2027,94,Yayasan,Isi Manual
10210763,SMK NEGERI 3 MEDAN,SMK,076000,Kota Medan,070000,Prov. Sumatera Utara,A,23-10-2023,23-10-2028,93,Pemerintah Pusat,Isi Manual
10210766,SMKN 9 MEDAN,SMK,076000,Kota Medan,070000,Prov. Sumatera Utara,A,22-07-2024,31-12-2029,0,Pemerintah Daerah,Isi Manual
10210824,SMAS TELADAN MEDAN,SMA,076000,Kota Medan,070000,Prov. Sumatera Utara,A,08-12-2021,31-12-2021,94,Yayasan,Isi Manual
10210855,SMAN 21 MEDAN,SMA,076000,Kota Medan,070000,Prov. Sumatera Utara,A,25-05-2023,25-05-2028,92,Pemerintah Daerah,Isi Manual
10210863,SMAN 16 MEDAN,SMA,076000,Kota Medan,070000,Prov. Sumatera Utara,A,09-12-2021,09-12-2026,93,Pemerintah Daerah,e-Rapor
10210971,SMAN 19 MEDAN,SMA,076000,Kota Medan,070000,Prov. Sumatera Utara,A,08-12-2021,31-12-2021,91,Pemerintah Daerah,Isi Manual
10211317,SMAN 2 BINJAI,SMA,076100,Kota Binjai,070000,Prov. Sumatera Utara,A,08-12-2021,31-12-2021,96,Pemerintah Daerah,Isi Manual
10211391,SMK SWASTA SETIA BUDI BINJAI,SMK,076100,Kota Binjai,070000,Prov. Sumatera Utara,B,30-11-2022,31-12-2027,89,Yayasan,Isi Manual
10211586,SMA NEGERI 2 TEBING TINGGI,SMA,076200,Kota Tebing Tinggi,070000,Prov. Sumatera Utara,A,08-12-2021,31-12-2021,92,Pemerintah Daerah,Isi Manual
10211595,SMK SWASTA TI TAMAN SISWA,SMK,076200,Kota Tebing Tinggi,070000,Prov. Sumatera Utara,A,01-08-2023,01-08-2028,92,Yayasan,Isi Manual
10211711,SMAS SULTAN AGUNG,SMA,076300,Kota Pematangsiantar,070000,Prov. Sumatera Utara,A,08-12-2021,31-12-2021,93,Yayasan,Isi Manual
10211994,SMKS KARYA UTAMA TANJUNG BALAI,SMK,076400,Kota Tanjung Balai,070000,Prov. Sumatera Utara,A,31-10-2023,31-10-2028,91,Yayasan,Isi Manual
10212022,SMA SWASTA SISINGAMANGARAJA,SMA,076400,Kota Tanjung Balai,070000,Prov. Sumatera Utara,A,21-10-2022,21-10-2027,95,Yayasan,Isi Manual
10212024,SMAN 1 TANJUNGBALAI,SMA,076400,Kota Tanjung Balai,070000,Prov. Sumatera Utara,A,21-10-2022,21-10-2027,94,Pemerintah Daerah,Isi Manual
10212116,SMAN 1 SIBOLGA,SMA,076500,Kota Sibolga,070000,Prov. Sumatera Utara,A,21-10-2022,21-10-2027,95,Pemerintah Daerah,Isi Manual
10212131,SMAN 3 SIBOLGA,SMA,076500,Kota Sibolga,070000,Prov. Sumatera Utara,A,21-10-2022,21-10-2027,94,Pemerintah Daerah,Isi Manual
10212244,SMAN 4 PADANG SIDEMPUAN,SMA,076600,Kota Padang Sidempuan,070000,Prov. Sumatera Utara,A,23-10-2023,23-10-2028,92,Pemerintah Daerah,Isi Manual
10212249,SMKN 1 PADANGSIDIMPUAN,SMK,076600,Kota Padang Sidempuan,070000,Prov. Sumatera Utara,A,10-10-2024,01-01-1900,93,Pemerintah Daerah,Isi Manual
10214065,SMK SWASTA TARBIYAH ISLAMIYAH,SMK,070100,Kab. Deli Serdang,070000,Prov. Sumatera Utara,A,01-01-1900,01-01-1900,0,Yayasan,Isi Manual
10214096,SMKS SINAR HUSNI 2 TR L DELI DELISERDANG,SMK,070100,Kab. Deli Serdang,070000,Prov. Sumatera Utara,A,21-10-2022,21-10-2027,94,Yayasan,Isi Manual
10214180,SMAS RAKYAT PANCUR BATU,SMA,070100,Kab. Deli Serdang,070000,Prov. Sumatera Utara,B,30-11-2022,30-11-2027,84,Yayasan,Isi Manual
10219163,SMA SWASTA RK SERDANG MURNI,SMA,070100,Kab. Deli Serdang,070000,Prov. Sumatera Utara,A,25-05-2023,03-12-2028,93,Yayasan,Isi Manual
10220314,SMKN 2 BINJAI,SMK,076100,Kota Binjai,070000,Prov. Sumatera Utara,A,22-07-2024,31-12-2029,0,Pemerintah Daerah,Isi Manual
10220521,SMAN 1 SIBABANGUN,SMA,070900,Kab. Tapanuli Tengah,070000,Prov. Sumatera Utara,A,08-12-2021,31-12-2021,91,Pemerintah Daerah,Isi Manual
10220522,SMAN 1 SIRANDORUNG,SMA,070900,Kab. Tapanuli Tengah,070000,Prov. Sumatera Utara,B,22-07-2024,31-12-2029,0,Pemerintah Daerah,Isi Manual
10220611,SMA NEGERI 2 TUKKA,SMA,070900,Kab. Tapanuli Tengah,070000,Prov. Sumatera Utara,A,21-10-2022,21-10-2027,93,Pemerintah Daerah,Isi Manual
10257343,SMK SWASTA YAPIM SEI GLUGUR 2,SMK,070100,Kab. Deli Serdang,070000,Prov. Sumatera Utara,A,01-01-1900,01-01-1900,0,Yayasan,Isi Manual
10257749,SMAN 1 PEGAJAHAN,SMA,072100,Kab. Serdang Bedagai,070000,Prov. Sumatera Utara,A,08-12-2021,31-12-2021,91,Pemerintah Daerah,Isi Manual
10258271,SMA NEGERI 1 ONOHAZUMBA,SMA,071700,Kab. Nias Selatan,070000,Prov. Sumatera Utara,B,30-11-2022,19-11-2027,86,Pemerintah Daerah,Isi Manual
10258327,SMKN 1 ALASA,SMK,072800,Kab. Nias Utara,070000,Prov. Sumatera Utara,B,30-09-2022,01-01-2027,82,Pemerintah Daerah,Isi Manual
10258462,SMA NEGERI 1 GUNUNGSITOLI,SMA,076700,Kota Gunungsitoli,070000,Prov. Sumatera Utara,A,30-09-2022,19-11-2027,92,Pemerintah Daerah,Isi Manual
10258812,SMA NEGERI 1 BAWOLATO,SMA,071100,Kab. Nias,070000,Prov. Sumatera Utara,A,31-10-2023,31-10-2028,92,Pemerintah Daerah,Isi Manual
10259032,SMK SWASTA PEMBDA NIAS,SMK,076700,Kota Gunungsitoli,070000,Prov. Sumatera Utara,A,06-01-2025,06-01-2030,0,Yayasan,Isi Manual
10259547,SMA NEGERI 1 UJUNG PADANG,SMA,070400,Kab. Simalungun,070000,Prov. Sumatera Utara,A,22-07-2024,31-12-2029,0,Pemerintah Pusat,Isi Manual
10259584,SMA SWASTA AL MAKSUM,SMA,070100,Kab. Deli Serdang,070000,Prov. Sumatera Utara,A,18-10-2021,18-10-2026,94,Yayasan,Isi Manual
10259823,SMA NEGERI 1 PEMATANG BANDAR,SMA,070400,Kab. Simalungun,070000,Prov. Sumatera Utara,B,30-11-2022,19-11-2027,82,Pemerintah Daerah,Isi Manual
10260263,SMKN 1 SORKAM,SMK,070900,Kab. Tapanuli Tengah,070000,Prov. Sumatera Utara,B,12-12-2023,12-12-2028,85,Pemerintah Daerah,Isi Manual
10260520,SMAN 5 PEMATANG SIANTAR,SMA,076300,Kota Pematangsiantar,070000,Prov. Sumatera Utara,A,30-11-2022,30-11-2027,93,Pemerintah Daerah,Isi Manual
10260533,SMKN 1 BAWALATO,SMK,071100,Kab. Nias,070000,Prov. Sumatera Utara,B,22-07-2024,31-12-2029,0,Pemerintah Pusat,Isi Manual
10260536,SMK NEGERI 4 TEBING TINGGI,SMK,076200,Kota Tebing Tinggi,070000,Prov. Sumatera Utara,A,12-12-2023,12-12-2028,93,Pemerintah Daerah,Isi Manual
10260731,SMKN 1 ARSE,SMK,071000,Kab. Tapanuli Selatan,070000,Prov. Sumatera Utara,B,22-07-2024,31-12-2029,0,Pemerintah Daerah,Isi Manual
10261218,SMK SWASTA SAHATA,SMK,076300,Kota Pematangsiantar,070000,Prov. Sumatera Utara,B,23-10-2023,23-10-2028,86,Yayasan,Isi Manual
10261250,SMA NEGERI 1 ULU BARUMUN,SMA,072400,Kab. Padang Lawas,070000,Prov. Sumatera Utara,A,12-12-2023,01-01-1900,91,Pemerintah Daerah,Isi Manual
10261294,SMK NEGERI 1 HURUNA,SMK,071700,Kab. Nias Selatan,070000,Prov. Sumatera Utara,B,23-10-2023,23-10-2028,87,Pemerintah Daerah,Isi Manual
10262274,SMAS GENERUS BANGSA,SMA,070100,Kab. Deli Serdang,070000,Prov. Sumatera Utara,B,08-12-2021,31-12-2021,86,Yayasan,Isi Manual
10263535,SMAN 4 SIBOLGA,SMA,076500,Kota Sibolga,070000,Prov. Sumatera Utara,A,09-12-2021,09-12-2026,94,Pemerintah Daerah,Isi Manual
10263620,MAS AL WASHLIYAH 12,MA,072100,Kab. Serdang Bedagai,070000,Prov. Sumatera Utara,A,12-12-2023,12-12-2028,93,Yayasan,Isi Manual
10263756,MAS KULLIYATUL MUBALLIGHIEN,MA,086200,Kota Padang Panjang,080000,Prov. Sumatera Barat,A,06-01-2025,31-12-2029,0,Yayasan,e-Rapor
10264708,MAN DAIRI,MA,070500,Kab. Dairi,070000,Prov. Sumatera Utara,A,18-10-2021,18-10-2026,93,Pemerintah Daerah,Isi Manual
10264715,MAS PP MAWARIDUSSALAM,MA,070100,Kab. Deli Serdang,070000,Prov. Sumatera Utara,A,22-07-2024,31-12-2029,0,Yayasan,Isi Manual
10264737,MAS AMALIYAH,MA,070100,Kab. Deli Serdang,070000,Prov. Sumatera Utara,B,08-12-2021,31-12-2021,85,Yayasan,Isi Manual
10264757,MAN 1 PADANGSIDIMPUAN,MA,076600,Kota Padang Sidempuan,070000,Prov. Sumatera Utara,A,22-07-2024,31-12-2029,0,Pemerintah Daerah,Isi Manual
10264758,MAN 2 PADANGSIDIMPUAN,MA,076600,Kota Padang Sidempuan,070000,Prov. Sumatera Utara,A,22-07-2024,31-12-2029,0,Pemerintah Daerah,e-Rapor
10264818,MAS PPM AR-RASYID,MA,072600,Kab. Labuhanbatu Selatan,070000,Prov. Sumatera Utara,A,01-01-1900,01-01-1900,92,Yayasan,Isi Manual
10264830,MAS MUHAMMADIYAH SIDOMULYO,MA,070200,Kab. Langkat,070000,Prov. Sumatera Utara,A,18-10-2021,18-10-2026,97,Yayasan,Isi Manual
10264866,MAN 3 MANDAILING NATAL,MA,071500,Kab. Mandailing Natal,070000,Prov. Sumatera Utara,A,22-07-2024,31-12-2029,0,Pemerintah Daerah,Isi Manual
10300300,SMA NEGERI 1 KAMANG MAGEK,SMA,080100,Kab. Agam,080000,Prov. Sumatera Barat,A,30-11-2022,12-11-2027,93,Pemerintah Daerah,Isi Manual
10300829,SMAN 1 PANTI,SMA,080200,Kab. Pasaman,080000,Prov. Sumatera Barat,A,25-05-2023,02-12-2028,92,Pemerintah Daerah,Isi Manual
10301187,SMAN 1 KEC. GUGUAK,SMA,080300,Kab. Lima Puluh Kota,080000,Prov. Sumatera Barat,A,08-12-2021,31-12-2021,91,Pemerintah Pusat,Isi Manual
10302014,SMAN 1 PAINAN,SMA,080600,Kab. Pesisir Selatan,080000,Prov. Sumatera Barat,A,22-07-2024,31-12-2029,0,Pemerintah Daerah,Isi Manual
10302021,SMAN 1 BATANG KAPAS,SMA,080600,Kab. Pesisir Selatan,080000,Prov. Sumatera Barat,A,08-12-2021,31-12-2021,91,Pemerintah Pusat,Isi Manual
10302475,SMAN 1 BATIPUH,SMA,080700,Kab. Tanah Datar,080000,Prov. Sumatera Barat,A,22-07-2024,31-12-2029,0,Pemerintah Daerah,Isi Manual
10302821,SMAN 3 SIJUNJUNG,SMA,080800,Kab. Sijunjung,080000,Prov. Sumatera Barat,A,08-12-2021,31-12-2021,91,Pemerintah Daerah,Isi Manual
10303089,SMA N 1 LEMBAH MELINTANG,SMA,081300,Kab. Pasaman Barat,080000,Prov. Sumatera Barat,A,30-09-2022,12-11-2027,92,Pemerintah Daerah,Isi Manual
10304027,MAS MUHAMMADIYAH SILAPING,MA,081300,Kab. Pasaman Barat,080000,Prov. Sumatera Barat,B,25-05-2023,19-10-2028,86,Yayasan,Isi Manual
10304194,SMAN 1 PADANG GELUGUR,SMA,080200,Kab. Pasaman,080000,Prov. Sumatera Barat,A,30-09-2022,12-11-2027,92,Pemerintah Daerah,Isi Manual
10304429,SMAN 1 KEC. PAYAKUMBUH,SMA,080300,Kab. Lima Puluh Kota,080000,Prov. Sumatera Barat,A,21-10-2025,31-12-2030,0,Pemerintah Daerah,Isi Manual
10306085,SMA N 1 LUHAK NAN DUO,SMA,081300,Kab. Pasaman Barat,080000,Prov. Sumatera Barat,B,30-09-2022,12-11-2027,88,Pemerintah Daerah,Isi Manual
10307806,SMA N 1 SUNGAI AUR,SMA,081300,Kab. Pasaman Barat,080000,Prov. Sumatera Barat,B,30-09-2022,12-11-2027,88,Pemerintah Daerah,Isi Manual
10403418,SMAN 1 SUNGAI MANDAU,SMA,091100,Kab. Siak,090000,Prov. Riau,A,22-07-2024,31-12-2029,0,Pemerintah Daerah,e-Rapor
10404027,SMAS TARUNA,SMA,096000,Kota Pekanbaru,090000,Prov. Riau,A,16-11-2021,16-11-2026,92,Yayasan,Isi Manual
10405124,SMAN 1 KUBU BABUSSALAM,SMA,091000,Kab. Rokan Hilir,090000,Prov. Riau,A,06-01-2025,06-01-2030,0,Pemerintah Daerah,Isi Manual
10497412,SMAN 4 TANAH PUTIH,SMA,091000,Kab. Rokan Hilir,090000,Prov. Riau,A,22-07-2024,31-12-2029,0,Pemerintah Daerah,Isi Manual
10506048,SMKN 8 SAROLANGUN,SMK,100300,Kab. Sarolangun,100000,Prov. Jambi,B,08-12-2021,31-12-2021,83,Pemerintah Pusat,Isi Manual
10646553,SMAN 7 PRABUMULIH,SMA,116100,Kota Prabumulih,110000,Prov. Sumatera Selatan,A,25-05-2023,25-05-2028,91,Pemerintah Daerah,e-Rapor
10702414,SMA NEGERI 3 KOTA BENGKULU,SMA,266000,Kota Bengkulu,260000,Prov. Bengkulu,A,08-12-2021,31-12-2021,97,Pemerintah Daerah,Isi Manual
11000321,SMAN 1 SIANTAN,SMA,310500,Kab. Kepulauan Anambas,310000,Prov. Kepulauan Riau,B,08-12-2021,31-12-2021,83,Pemerintah Daerah,Isi Manual
20210773,SMAS PLUS AL WAHID SALAWU,SMA,021200,Kab. Tasikmalaya,020000,Prov. Jawa Barat,A,22-07-2024,31-12-2029,0,Yayasan,Isi Manual
20277122,MAS AL GHOZALY,MA,026100,Kota Bogor,020000,Prov. Jawa Barat,A,18-10-2021,18-10-2026,93,Yayasan,Isi Manual
20505010,SMA NEGERI 1 TAMBAKBOYO TUBAN,SMA,050600,Kab. Tuban,050000,Prov. Jawa Timur,A,30-11-2022,18-11-2027,92,Pemerintah Pusat,e-Rapor
20536279,SMAS TAMAN MADYA PROBOLINGGO,SMA,056700,Kota Probolinggo,050000,Prov. Jawa Timur,A,21-10-2025,31-12-2030,0,Yayasan,Isi Manual
60726181,SMK NEGERI 1 KUALA PESISIR,SMK,061500,Kab. Nagan Raya,060000,Prov. Aceh,B,23-10-2023,23-10-2028,86,Pemerintah Daerah,Isi Manual
60726299,SMK SWASTA ADVENT NIAS,SMK,071100,Kab. Nias,070000,Prov. Sumatera Utara,B,30-11-2022,31-12-2027,88,Yayasan,Isi Manual
60726435,SMA NEGERI 4 TEUPAH SELATAN,SMA,061100,Kab. Simeulue,060000,Prov. Aceh,C,30-09-2022,18-11-2027,77,Pemerintah Daerah,Isi Manual
60726436,SMA NEGERI 4 SIMEULUE BARAT,SMA,061100,Kab. Simeulue,060000,Prov. Aceh,C,08-12-2021,31-12-2021,80,Pemerintah Daerah,Isi Manual
60726439,SMA NEGERI 2 TELUK DALAM,SMA,061100,Kab. Simeulue,060000,Prov. Aceh,C,08-12-2021,31-12-2021,80,Pemerintah Daerah,Isi Manual
69725123,SMKS MAJU BESITANG,SMK,070200,Kab. Langkat,070000,Prov. Sumatera Utara,B,23-10-2023,23-10-2028,90,Yayasan,Isi Manual
69755583,SMK NEGERI 1 SIMPANG JERNIH,SMK,060400,Kab. Aceh Timur,060000,Prov. Aceh,B,30-11-2022,31-12-2027,82,Pemerintah Daerah,Isi Manual
69758285,SMK NEGERI 1 SIMPANG KANAN,SMK,061300,Kab. Aceh Singkil,060000,Prov. Aceh,C,08-12-2021,31-12-2021,80,Pemerintah Pusat,Isi Manual
69762597,SMAS SAFINATUSSALAMAH,SMA,061300,Kab. Aceh Singkil,060000,Prov. Aceh,B,12-12-2023,12-12-2028,84,Yayasan,Isi Manual
69767777,SMKS KESEHATAN NURUL HASANAH,SMK,060800,Kab. Aceh Tenggara,060000,Prov. Aceh,B,30-11-2022,31-12-2027,82,Yayasan,Isi Manual
69773522,SMAN 1 KETAMBE,SMA,060800,Kab. Aceh Tenggara,060000,Prov. Aceh,B,30-11-2022,18-11-2027,81,Pemerintah Daerah,Isi Manual
69773568,SMA NEGERI 1 DARUL HIKMAH,SMA,061600,Kab. Aceh Jaya,060000,Prov. Aceh,B,10-11-2025,31-12-2030,0,Pemerintah Daerah,Isi Manual
69773569,SMK NEGERI 1 TEUNOM,SMK,061600,Kab. Aceh Jaya,060000,Prov. Aceh,B,08-12-2021,31-12-2021,83,Pemerintah Daerah,Isi Manual
69774642,SMAN MAPAT TUNGGUL SELATAN,SMA,080200,Kab. Pasaman,080000,Prov. Sumatera Barat,B,25-05-2023,19-10-2028,0,Pemerintah Daerah,Isi Manual
69775747,SMA NEGERI 3 SIMEULUE TENGAH,SMA,061100,Kab. Simeulue,060000,Prov. Aceh,B,30-09-2022,18-11-2027,85,Pemerintah Daerah,Isi Manual
69775748,SMA NEGERI 2 TEUPAH SELATAN,SMA,061100,Kab. Simeulue,060000,Prov. Aceh,B,19-12-2025,31-12-2030,0,Pemerintah Daerah,Isi Manual
69786208,SMA NEGERI 1 PULAU BANYAK BARAT,SMA,061300,Kab. Aceh Singkil,060000,Prov. Aceh,B,22-07-2024,31-12-2029,0,Pemerintah Daerah,Isi Manual
69786328,SMKN 2 TUHEMBERUA,SMK,072800,Kab. Nias Utara,070000,Prov. Sumatera Utara,B,23-10-2023,23-10-2028,86,Pemerintah Daerah,Isi Manual
69786603,SMAS DARUL AITAMI,SMA,060600,Kab. Aceh Barat,060000,Prov. Aceh,C,08-12-2021,31-12-2021,74,Yayasan,Isi Manual
69822414,SMA NEGERI 2 SIMPANG KIRI,SMA,066400,Kota Subulussalam,060000,Prov. Aceh,B,20-10-2022,20-10-2027,88,Pemerintah Daerah,Isi Manual
69827778,MA Darul Amin,MA,060800,Kab. Aceh Tenggara,060000,Prov. Aceh,B,12-12-2023,12-12-2028,83,Lainnya,Isi Manual
69845478,SMA NEGERI 2 SAMADUA,SMA,060700,Kab. Aceh Selatan,060000,Prov. Aceh,B,26-09-2023,26-09-2028,84,Pemerintah Daerah,Isi Manual
69849442,Mardhatillah,MA,066400,Kota Subulussalam,060000,Prov. Aceh,C,15-10-2021,15-10-2026,73,Lainnya,e-Rapor
69849443,MAS SIBIGO,MA,061100,Kab. Simeulue,060000,Prov. Aceh,C,12-12-2023,01-01-1900,73,Lainnya,Isi Manual
69861153,SMA SWASTA BABUL ISTIQAMAH,SMA,061700,Kab. Aceh Barat Daya,060000,Prov. Aceh,C,30-11-2022,18-11-2027,72,Yayasan,Isi Manual
69864640,SMK NEGERI 1 KUTA BAHARU,SMK,061300,Kab. Aceh Singkil,060000,Prov. Aceh,B,22-07-2024,31-12-2029,0,Pemerintah Daerah,Isi Manual
69864676,SMA NEGERI 1 PENANGGALAN,SMA,066400,Kota Subulussalam,060000,Prov. Aceh,B,30-09-2022,18-11-2027,81,Pemerintah Daerah,Isi Manual
69874007,SMA NEGERI 2 MEUKEK,SMA,060700,Kab. Aceh Selatan,060000,Prov. Aceh,B,30-11-2022,18-11-2027,86,Pemerintah Daerah,Isi Manual
69874008,SMA NEGERI 1 KOTA BAHAGIA,SMA,060700,Kab. Aceh Selatan,060000,Prov. Aceh,B,30-11-2022,18-11-2027,87,Pemerintah Daerah,Isi Manual
69874009,SMA NEGERI 1 TRUMON TENGAH,SMA,060700,Kab. Aceh Selatan,060000,Prov. Aceh,B,30-11-2022,18-11-2027,84,Pemerintah Daerah,Isi Manual
69874028,SMK NEGERI 6 TANJUNGBALAI,SMK,076400,Kota Tanjung Balai,070000,Prov. Sumatera Utara,A,01-08-2023,01-08-2028,92,Pemerintah Daerah,Isi Manual
69875551,SMA UNGGUL DARUSSAADAH KLUET RAYA,SMA,060700,Kab. Aceh Selatan,060000,Prov. Aceh,B,26-09-2023,26-09-2028,86,Pemerintah Daerah,Isi Manual
69883598,SMK NEGERI 1 RUNDENG,SMK,066400,Kota Subulussalam,060000,Prov. Aceh,C,12-12-2023,01-01-1900,76,Pemerintah Pusat,Isi Manual
69899799,SMK DHARMA SHALIHAT 2 UJONG PATIHAH,SMK,061500,Kab. Nagan Raya,060000,Prov. Aceh,C,12-12-2023,01-01-1900,77,Yayasan,Isi Manual
69934208,SMA SWASTA TERPADU BUSTANUL ARIFIN,SMA,061800,Kab. Gayo Lues,060000,Prov. Aceh,B,20-10-2022,20-10-2027,87,Yayasan,Isi Manual
69934939,SMA SWASTA AL-ANSHAR,SMA,061600,Kab. Aceh Jaya,060000,Prov. Aceh,B,23-10-2023,23-10-2028,83,Yayasan,Isi Manual
69943068,SMA SWASTA AL HIKMAH,SMA,076000,Kota Medan,070000,Prov. Sumatera Utara,A,31-10-2023,31-10-2028,92,Yayasan,Isi Manual
69946304,SMK NEGERI 1 INDRA MAKMU,SMK,060400,Kab. Aceh Timur,060000,Prov. Aceh,B,23-10-2023,23-10-2028,85,Pemerintah Daerah,Isi Manual
69946581,SMA NEGERI KEULUANG,SMA,061600,Kab. Aceh Jaya,060000,Prov. Aceh,B,22-07-2024,31-12-2029,0,Pemerintah Daerah,Isi Manual
69946702,SMA Negeri 2 Kluet Timur,SMA,060700,Kab. Aceh Selatan,060000,Prov. Aceh,C,22-07-2024,31-12-2029,0,Pemerintah Pusat,Isi Manual
69947031,SMK Swasta Muhammadiyah Singkil,SMK,061300,Kab. Aceh Singkil,060000,Prov. Aceh,B,23-10-2023,23-10-2028,82,Yayasan,Isi Manual
69948376,SMK NEGERI KUSUMA PAGINDAR,SMK,071800,Kab. Pakpak Bharat,070000,Prov. Sumatera Utara,C,22-07-2024,31-12-2029,0,Pemerintah Daerah,Isi Manual
69949251,SMK NEGERI PERIKANAN SIMEULUE BARAT,SMK,061100,Kab. Simeulue,060000,Prov. Aceh,B,22-07-2024,31-12-2029,0,Pemerintah Pusat,Isi Manual
69949446,SMA Negeri 3 Sinabang,SMA,061100,Kab. Simeulue,060000,Prov. Aceh,B,22-07-2024,31-12-2029,0,Pemerintah Daerah,Isi Manual
69955604,Darurahmah Sepadan,MA,066400,Kota Subulussalam,060000,Prov. Aceh,C,12-12-2023,01-01-1900,74,Lainnya,Isi Manual
69962012,SMK NEGERI 2 SIMPANG KIRI,SMK,066400,Kota Subulussalam,060000,Prov. Aceh,B,12-12-2023,12-12-2028,87,Pemerintah Daerah,Isi Manual
69963563,MAS TUNAS ULAMA MA`HAD AL ABQARY,MA,286200,Kota Serang,280000,Prov. Banten,A,12-12-2023,12-12-2028,92,Lainnya,Isi Manual
69970305,SMA Swasta Terpadu Al-Furqan,SMA,061200,Kab. Bireuen,060000,Prov. Aceh,B,15-10-2021,15-10-2026,81,Yayasan,Isi Manual
69981914,SMA NEGERI 8 SUBULUSSALAM,SMA,066400,Kota Subulussalam,060000,Prov. Aceh,C,22-07-2024,31-12-2029,0,Pemerintah Daerah,Isi Manual
69985502,SMA SWASTA UMBUL MAS WISESA,SMA,072600,Kab. Labuhanbatu Selatan,070000,Prov. Sumatera Utara,B,18-10-2021,18-10-2026,88,Yayasan,Isi Manual
69987232,SMAN 2 RANAH BATAHAN,SMA,081300,Kab. Pasaman Barat,080000,Prov. Sumatera Barat,B,08-04-2022,08-04-2027,85,Pemerintah Daerah,Isi Manual
69989237,SMA Keberbakatan Olahraga Negeri Aceh,SMA,066100,Kota Banda Aceh,060000,Prov. Aceh,B,08-04-2022,08-04-2027,85,Pemerintah Daerah,Isi Manual
70003803,SMK Negeri 6 Aceh Singkil,SMK,061300,Kab. Aceh Singkil,060000,Prov. Aceh,C,26-09-2023,26-09-2028,78,Pemerintah Daerah,Isi Manual
70011942,SMA Plus Golden Madani,SMA,086400,Kota Solok,080000,Prov. Sumatera Barat,A,28-11-2023,28-11-2028,92,Yayasan,Isi Manual
70013416,SMA IT Darul Mutaallimin,SMA,060600,Kab. Aceh Barat,060000,Prov. Aceh,B,26-09-2023,26-09-2028,87,Yayasan,Isi Manual
70024106,SMA IT Nurul Ikhwah,SMA,061500,Kab. Nagan Raya,060000,Prov. Aceh,A,06-01-2025,06-01-2030,0,Yayasan,Isi Manual
70041490,SMA Swasta Darul Istiqamah,SMA,060800,Kab. Aceh Tenggara,060000,Prov. Aceh,C,19-12-2025,31-12-2030,0,Yayasan,Isi Manual
70045455,MA Ruhul Qur`ani,MA,060600,Kab. Aceh Barat,060000,Prov. Aceh,A,19-12-2025,31-12-2030,0,Yayasan,Isi Manual
70049149,MA Islam Terpadu Teuku Umar Aceh Barat,MA,060600,Kab. Aceh Barat,060000,Prov. Aceh,A,18-02-2025,31-12-2029,0,Yayasan,Isi Manual
70050033,SMA Plus Ulumul Quran Aceh Selatan,SMA,060700,Kab. Aceh Selatan,060000,Prov. Aceh,B,19-12-2025,31-12-2030,0,Yayasan,Isi Manual
